[
    "findById",
    {
        "url": "http://localhost:3001/evaluators/:status",
        "method": "get"
    },
    "add",
    {
        "url": "http://localhost:3001/evaluators/add",
        "method": "post"
    },
    {
        "request": {
            "msg": {
                "name": "Cariltos",
                "email": "stedsaf.castillo@gmail.com",
                "phone": "sadf",
                "academic_level": "bien prron",
                "status": "0",
                "sch_id": "1"
            }
        }
    },
    "update-status",
    {
        "url": "http://localhost:3001/evaluators/update-status/:id",
        "method": "post"
    },
    {
        "request": {
            "msg": {
                "status": "1"
            }
        }
    },
    "update",
    {
        "url": "http://localhost:3001/evaluators/update/:id",
        "method": "post"
    },
    {
        "request": {
            "msg": {
                "name": "Steven",
                "email": "steven.pipian@gmail.com",
                "phone": "65446545",
                "academic_level": "",
                "status": "0",
                "sch_id": ""
            }
        }
    },
    "delete",
    {
        "url": "http://localhost:3001/evaluators/delete",
        "method": "post"
    },
    {
        "request": {
            "msg": {
                "id": "341"
            }
        }
    },
    "findById",
    {
        "url": "http://localhost:3001/evaluators/findById/:id",
        "method": "get"
    },
    "findBySchedule",
    {
        "url": "http://localhost:3001/evaluators/findBySchedule",
        "method": "post"
    },
    {
        "request": {
            "msg": {
                "id": "341"
            }
        }
    }
]